SNP	CHR	BP	P
rs613872	18	53210302	1.1260553725960693e-15
rs618869	18	53248151	1.489141755452185e-13
rs596668	18	53264343	1.6688562840824422e-13
rs629376	18	53331267	3.5283274146863026e-13
rs652714	18	53321026	3.614060988356461e-13
rs611775	18	53337939	4.252815532667432e-13
rs11514944	7	115099020	5.5812527391064295e-11
rs1130146	20	47859217	2.2662868455202623e-10
rs4744250	9	96271752	2.8295503476540706e-10
rs2183760	9	96279334	2.9725455670404263e-10
rs10821148	9	96283304	3.0544457481114535e-10
rs10992768	9	96276135	3.0544457481114535e-10
rs1412050	9	96270756	3.155152756483134e-10
rs10821147	9	96271367	3.311511624756432e-10
rs3813388	9	96300597	3.458997291768179e-10
rs10992780	9	96304767	3.71437884511092e-10
rs10761233	9	96292166	3.8166959823349853e-10
rs10821203	9	96447466	4.2209096013067564e-10
rs4744249	9	96256847	4.4287670965809213e-10
rs1556416	9	96256583	4.5309681053606326e-10
rs10992759	9	96257626	4.5309681053606326e-10
rs4744247	9	96256487	4.5637881260319617e-10
rs2297376	9	96259582	4.856889848145154e-10
rs10821141	9	96258838	4.880344671244591e-10
rs6095396	20	47627170	5.821375947758002e-10
rs12537384	7	115025708	6.410938183936443e-10
rs76441558	1	91042852	8.201774729069654e-10
rs7266044	20	47890656	8.289512975213298e-10
rs6125539	20	47703810	9.37882014386739e-10
rs784232	18	53427481	9.45089144253949e-10
rs6066975	20	47750377	1.0083322845629392e-09
rs2075679	20	47701589	1.1741157325901158e-09
rs2075678	20	47701339	1.206191158098336e-09
rs3091529	20	47647068	1.233030624744898e-09
rs10123378	9	96375217	1.286064411588807e-09
rs10117225	9	96367345	1.3589484951897182e-09
rs4568663	9	96372325	1.3830122104166994e-09
rs3092039	20	47678770	1.3978801351102547e-09
rs6066978	20	47755742	1.427216685756813e-09
rs2273653	20	47770756	1.4423597935582651e-09
rs6012564	20	47541600	1.5031717159864255e-09
rs7272164	20	47766197	1.5490209250215716e-09
rs10992797	9	96362115	1.593256505338934e-09
rs1412048	9	96362967	1.5996313570794807e-09
rs10761240	9	96361922	1.6393218832687047e-09
rs4810898	20	47554392	1.663731741958023e-09
rs6066968	20	47727341	1.7333463403767612e-09
rs6122763	20	47797653	2.1746896831155562e-09
rs9947593	18	53448395	2.398981760060466e-09
rs784235	18	53423144	2.5870194230013487e-09
rs2126787	18	53462608	2.7009486905804397e-09
rs938011	11	57709997	2.8689419163545213e-09
rs7102929	11	57731052	3.6190214158435732e-09
rs11601082	11	57727084	3.977672986514659e-09
rs6063378	20	47866411	4.0460070913467355e-09
rs6066909	20	47529913	4.760089073455087e-09
rs6122779	20	47893014	4.764935172639881e-09
rs6067037	20	47913578	4.914520181789929e-09
rs10159226	1	91010959	5.037787939503932e-09
rs6067034	20	47900164	5.043864410119187e-09
rs1397273	11	57705324	5.775913410664956e-09
rs6012555	20	47527742	5.905982016768401e-09
rs4810896	20	47535298	6.010246263386058e-09
rs609154	11	57696234	6.688850287363029e-09
rs3787317	20	48041211	7.453395788629376e-09
rs4743922	9	96234692	8.18295493790387e-09
rs10761229	9	96237376	8.296154297332327e-09
rs10992749	9	96232874	8.770373473240851e-09
rs11791374	9	96245287	9.031297211369472e-09
rs1055710	9	96214928	9.579536648730538e-09
rs6859953	5	125368536	9.871579979208702e-09
rs4287000	9	96451784	1.2250362805959994e-08
rs10821128	9	96209943	1.256736201817197e-08
rs12792638	11	57751354	1.2674287479072525e-08
rs35822506	20	48088332	1.509678897826456e-08
rs6881372	5	125368662	1.5965225660092306e-08
rs1534373	7	115033079	2.78562662657231e-08
rs12379660	9	96182487	2.9024070616457508e-08
rs34500768	20	48094964	2.9578720148698824e-08
rs9641538	7	115031575	2.9662393579535996e-08
rs3909300	5	125371267	3.272246752358413e-08
rs6019806	20	48013369	4.344388194845965e-08
rs1997852	20	47526559	4.8163254086329844e-08
rs6012556	20	47528443	4.8567579558870125e-08
rs6019800	20	48010792	4.9115233562255896e-08
