SNP	CHR	BP	P
rs12537384	7	115025708	4.0196220187414825e-11
rs11514944	7	115099020	5.970461658822365e-10
rs10270358	7	114948351	8.381301597592687e-10
rs10264504	7	114956058	8.407063131089031e-10
rs1155397	7	114953597	1.3541205171543303e-09
rs9641538	7	115031575	6.131749914858244e-09
rs1534373	7	115033079	6.350329338073008e-09
rs613872	18	53210302	6.574070630948447e-09
rs629376	18	53331267	3.9535340105811977e-08
rs652714	18	53321026	4.064896192810082e-08
rs618869	18	53248151	4.251757750826896e-08
rs611775	18	53337939	4.5370783769252986e-08
